cf,pa,ef,cha,temporalidad,ace,sa,productores_atendidos
Plagas del Cafeto,"Broca del café (Hypothenemus hampei), Roya del cafeto (Hemileia vastatrix) y barrenador negro de las ramas (Xylosandrus compactus)",Chiapas,Cafeto,Cuarto Trimestre,Trampeo y Control Químico,7655,2932
Plagas del Cafeto,"Broca del café (Hypothenemus hampei), Roya del cafeto (Hemileia vastatrix) y barrenador negro de las ramas (Xylosandrus compactus)",Guerrero,Cafeto,Cuarto Trimestre,Trampeo y Control Químico,1072,593
Plagas del Cafeto,"Broca del café (Hypothenemus hampei), Roya del cafeto (Hemileia vastatrix)",Nayarit,Cafeto,Cuarto Trimestre,Trampeo y Control Químico,1500,751
Plagas del Cafeto,"Broca del café (Hypothenemus hampei), Roya del cafeto (Hemileia vastatrix) y barrenador negro de las ramas (Xylosandrus compactus)",Oaxaca,Cafeto,Cuarto Trimestre,Trampeo y Control Químico,882,615
Plagas del Cafeto,"Broca del café (Hypothenemus hampei), Roya del cafeto (Hemileia vastatrix) y barrenador negro de las ramas (Xylosandrus compactus)",Puebla,Cafeto,Cuarto Trimestre,Trampeo y Control Químico,2406,1602
Plagas del Cafeto,"Broca del café (Hypothenemus hampei), Roya del cafeto (Hemileia vastatrix) y barrenador negro de las ramas (Xylosandrus compactus)",Veracruz,Cafeto,Cuarto Trimestre,Trampeo y Control Químico,4242,2338
Plagas Reglamentadas del Aguacatero,"Barrenadores del hueso (Conotrachelus persea, C. agucatae, Heilipus lauri y Stenoma catenifer) y Barrenador de ramas (Macrocopturus aguacatae)",Colima,Aguacatero,Cuarto Trimestre,Control Cultural y Control Químico,2,120
Plagas Reglamentadas del Aguacatero,"Barrenadores del hueso (Conotrachelus persea, C. agucatae, Heilipus lauri y Stenoma catenifer) y Barrenador de ramas (Macrocopturus aguacatae)",Estado de México,Aguacatero,Cuarto Trimestre,Control Cultural y Control Químico,165,92
Plagas Reglamentadas del Aguacatero,"Barrenadores del hueso (Conotrachelus persea, C. agucatae, Heilipus lauri y Stenoma catenifer) y Barrenador de ramas (Macrocopturus aguacatae)",Jalisco,Aguacatero,Cuarto Trimestre,Control Cultural y Control Químico,143,171
Plagas Reglamentadas del Aguacatero,"Barrenadores del hueso (Conotrachelus persea, C. agucatae, Heilipus lauri y Stenoma catenifer) y Barrenador de ramas (Macrocopturus aguacatae)",Michoacán,Aguacatero,Cuarto Trimestre,Control Cultural y Control Químico,56,98
Plagas Reglamentadas del Aguacatero,"Barrenadores del hueso (Conotrachelus persea, C. agucatae, Heilipus lauri y Stenoma catenifer) y Barrenador de ramas (Macrocopturus aguacatae)",Morelos,Aguacatero,Cuarto Trimestre,Control Cultural y Control Químico,125,123
Plagas Reglamentadas del Aguacatero,"Barrenadores del hueso (Conotrachelus persea, C. agucatae, Heilipus lauri y Stenoma catenifer) y Barrenador de ramas (Macrocopturus aguacatae)",Nayarit,Aguacatero,Cuarto Trimestre,Control Cultural y Control Químico,202,441
Plagas Reglamentadas del Aguacatero,"Barrenadores del hueso (Conotrachelus persea, C. agucatae, Heilipus lauri y Stenoma catenifer) y Barrenador de ramas (Macrocopturus aguacatae)",Puebla,Aguacatero,Cuarto Trimestre,Control Cultural y Control Químico,145,189
Campaña contra Moko del Plátano,Moko del Plátano (Ralstonia solanacearum Raza 2); Fusarium sacchari,Chiapas,Plátano,Cuarto Trimestre,Muestreo y Control Químico (manejo de focos de infección - acciones de erradicación),738,7
Campaña contra Moko del Plátano,Moko del Plátano (Ralstonia solanacearum Raza 2); Fusarium sacchari,Tabasco,Plátano,Cuarto Trimestre,Muestreo y Control Químico (manejo de focos de infección - acciones de erradicación),2661,37
Plagas Reglamentadas del Algodonero,Gusano rosado (Pectinophora gossypiella) y Picudo del algodonero (Anthonomus grandis),Baja California,Algodón,CuartoTrimestre,Trampeo,"7,694",315
Plagas Reglamentadas del Algodonero,Gusano rosado (Pectinophora gossypiella) y Picudo del algodonero (Anthonomus grandis),Chihuahua,Algodón,CuartoTrimestre,Control Cultural y Trampeo,"57,639",861
Plagas Reglamentadas del Algodonero,Gusano rosado (Pectinophora gossypiella) y Picudo del algodonero (Anthonomus grandis),Coahuila,Algodón,Cuarto Trimestre,"Control Cultural, Trampeo y Control Químico",649,32
Plagas Reglamentadas del Algodonero,Gusano rosado (Pectinophora gossypiella) y Picudo del algodonero (Anthonomus grandis),Durango,Algodón,Cuarto Trimestre,Control Cultural y Trampeo,2,1
Plagas Reglamentadas del Algodonero,Gusano rosado (Pectinophora gossypiella) y Picudo del algodonero (Anthonomus grandis),Sonora,Algodón,Cuarto Trimestre,Trampeo,"2,055",48
Plagas Reglamentadas del Algodonero,Gusano rosado (Pectinophora gossypiella) y Picudo del algodonero (Anthonomus grandis),Tamaulipas,Algodón,Cuarto Trimestre,Control Cultural y Trampeo,"2,558",25
Campaña contra la Langosta centroamericana,"Langosta (Schistocerca piceifrons piceifrons, Walker 1870)",Campeche,Pasto,Cuarto Trimestre,Control Quimico,323,25
Campaña contra la Langosta centroamericana,"Langosta (Schistocerca piceifrons piceifrons, Walker 1870)",Chiapas,Pasto,Cuarto Trimestre,Control Quimico,226,39
Campaña contra la Langosta centroamericana,"Langosta (Schistocerca piceifrons piceifrons, Walker 1870)",Chiapas,Pasto,Cuarto Trimestre,Control Biologico,14,4
Campaña contra la Langosta centroamericana,"Langosta (Schistocerca piceifrons piceifrons, Walker 1870)",Guerrero,Pasto,Cuarto Trimestre,Control Quimico,210,20
Campaña contra la Langosta centroamericana,"Langosta (Schistocerca piceifrons piceifrons, Walker 1870)",Jalisco,Caña de azucar,Cuarto Trimestre,Control Quimico,1162,382
Campaña contra la Langosta centroamericana,"Langosta (Schistocerca piceifrons piceifrons, Walker 1870)",Michoacan,Platano,Cuarto Trimestre,Control Quimico,28,1
Campaña contra la Langosta centroamericana,"Langosta (Schistocerca piceifrons piceifrons, Walker 1870)",Morelos,Pasto,Cuarto Trimestre,Control Quimico,311,7
Campaña contra la Langosta centroamericana,"Langosta (Schistocerca piceifrons piceifrons, Walker 1870)",Morelos,Pasto,Cuarto Trimestre,Control Biologico,50,2
Campaña contra la Langosta centroamericana,"Langosta (Schistocerca piceifrons piceifrons, Walker 1870)",Oaxaca,Caña de azucar,Cuarto Trimestre,Control Quimico,29,6
Campaña contra la Langosta centroamericana,"Langosta (Schistocerca piceifrons piceifrons, Walker 1870)",Oaxaca,Pasto,Cuarto Trimestre,Control Quimico,11,2
Campaña contra la Langosta centroamericana,"Langosta (Schistocerca piceifrons piceifrons, Walker 1870)",Oaxaca,Piña,Cuarto Trimestre,Control Quimico,59,8
Campaña contra la Langosta centroamericana,"Langosta (Schistocerca piceifrons piceifrons, Walker 1870)",Oaxaca,Sorgo,Cuarto Trimestre,Control Quimico,4,1
Campaña contra la Langosta centroamericana,"Langosta (Schistocerca piceifrons piceifrons, Walker 1870)",Oaxaca,Caña de azucar,Cuarto Trimestre,Control Biologico,5,4
Campaña contra la Langosta centroamericana,"Langosta (Schistocerca piceifrons piceifrons, Walker 1870)",Oaxaca,Maíz,Cuarto Trimestre,Control Biologico,3,1
Campaña contra la Langosta centroamericana,"Langosta (Schistocerca piceifrons piceifrons, Walker 1870)",Oaxaca,Pasto,Cuarto Trimestre,Control Biologico,5,3
Campaña contra la Langosta centroamericana,"Langosta (Schistocerca piceifrons piceifrons, Walker 1870)",Oaxaca,Piña,Cuarto Trimestre,Control Biologico,6,2
Campaña contra la Langosta centroamericana,"Langosta (Schistocerca piceifrons piceifrons, Walker 1870)",Puebla,Frijol,Cuarto Trimestre,Control Quimico,2,1
Campaña contra la Langosta centroamericana,"Langosta (Schistocerca piceifrons piceifrons, Walker 1870)",Puebla,Sorgo,Cuarto Trimestre,Control Quimico,74,5
Campaña contra la Langosta centroamericana,"Langosta (Schistocerca piceifrons piceifrons, Walker 1870)",Puebla,Pasto,Cuarto Trimestre,Control Quimico,141,4
Campaña contra la Langosta centroamericana,"Langosta (Schistocerca piceifrons piceifrons, Walker 1870)",San Luis Potosi,Caña de azucar,Cuarto Trimestre,Control Quimico,585,38
Campaña contra la Langosta centroamericana,"Langosta (Schistocerca piceifrons piceifrons, Walker 1870)",San Luis Potosi,Maíz,Cuarto Trimestre,Control Quimico,10,1
Campaña contra la Langosta centroamericana,"Langosta (Schistocerca piceifrons piceifrons, Walker 1870)",San Luis Potosi,Sorgo,Cuarto Trimestre,Control Quimico,15,3
Campaña contra la Langosta centroamericana,"Langosta (Schistocerca piceifrons piceifrons, Walker 1870)",San Luis Potosi,Soya,Cuarto Trimestre,Control Quimico,278,18
Campaña contra la Langosta centroamericana,"Langosta (Schistocerca piceifrons piceifrons, Walker 1870)",San Luis Potosi,Pasto,Cuarto Trimestre,Control Quimico,154,9
Campaña contra la Langosta centroamericana,"Langosta (Schistocerca piceifrons piceifrons, Walker 1870)",San Luis Potosi,Caña de azucar,Cuarto Trimestre,Control Biologico,74,6
Campaña contra la Langosta centroamericana,"Langosta (Schistocerca piceifrons piceifrons, Walker 1870)",San Luis Potosi,Limón,Cuarto Trimestre,Control Biologico,1,1
Campaña contra la Langosta centroamericana,"Langosta (Schistocerca piceifrons piceifrons, Walker 1870)",San Luis Potosi,Maíz,Cuarto Trimestre,Control Biologico,37,3
Campaña contra la Langosta centroamericana,"Langosta (Schistocerca piceifrons piceifrons, Walker 1870)",San Luis Potosi,Pasto,Cuarto Trimestre,Control Biologico,50,12
Campaña contra la Langosta centroamericana,"Langosta (Schistocerca piceifrons piceifrons, Walker 1870)",San Luis Potosi,Sorgo,Cuarto Trimestre,Control Biologico,11,2
Campaña contra la Langosta centroamericana,"Langosta (Schistocerca piceifrons piceifrons, Walker 1870)",Tamaulipas,Cacahuate,Cuarto Trimestre,Control Quimico,59,5
Campaña contra la Langosta centroamericana,"Langosta (Schistocerca piceifrons piceifrons, Walker 1870)",Tamaulipas,Caña de azucar,Cuarto Trimestre,Control Quimico,147,7
Campaña contra la Langosta centroamericana,"Langosta (Schistocerca piceifrons piceifrons, Walker 1870)",Tamaulipas,Maiz,Cuarto Trimestre,Control Quimico,56,1
Campaña contra la Langosta centroamericana,"Langosta (Schistocerca piceifrons piceifrons, Walker 1870)",Tamaulipas,Pasto,Cuarto Trimestre,Control Quimico,530,9
Campaña contra la Langosta centroamericana,"Langosta (Schistocerca piceifrons piceifrons, Walker 1870)",Tamaulipas,Sorgo,Cuarto Trimestre,Control Quimico,8,1
Campaña contra la Langosta centroamericana,"Langosta (Schistocerca piceifrons piceifrons, Walker 1870)",Tamaulipas,Pasto,Cuarto Trimestre,Control Biologico,50,1
Campaña contra la Langosta centroamericana,"Langosta (Schistocerca piceifrons piceifrons, Walker 1870)",Veracruz,Caña de azucar,Cuarto Trimestre,Control Quimico,153,25
Campaña contra la Langosta centroamericana,"Langosta (Schistocerca piceifrons piceifrons, Walker 1870)",Veracruz,Maiz,Cuarto Trimestre,Control Quimico,31,5
Campaña contra la Langosta centroamericana,"Langosta (Schistocerca piceifrons piceifrons, Walker 1870)",Veracruz,Pasto,Cuarto Trimestre,Control Quimico,372,20
Campaña contra la Langosta centroamericana,"Langosta (Schistocerca piceifrons piceifrons, Walker 1870)",Veracruz,Piña,Cuarto Trimestre,Control Quimico,15,1
Campaña contra la Langosta centroamericana,"Langosta (Schistocerca piceifrons piceifrons, Walker 1870)",Veracruz,Sorgo,Cuarto Trimestre,Control Quimico,7,1
Campaña contra la Langosta centroamericana,"Langosta (Schistocerca piceifrons piceifrons, Walker 1870)",Veracruz,Soya,Cuarto Trimestre,Control Quimico,27,1
Campaña contra la Langosta centroamericana,"Langosta (Schistocerca piceifrons piceifrons, Walker 1870)",Veracruz,Caña de azucar,Cuarto Trimestre,Control Biologico,30,6
Campaña contra la Langosta centroamericana,"Langosta (Schistocerca piceifrons piceifrons, Walker 1870)",Veracruz,Pasto,Cuarto Trimestre,Control Biologico,108,10
Campaña contra la Langosta centroamericana,"Langosta (Schistocerca piceifrons piceifrons, Walker 1870)",Yucatan,Pasto,Cuarto Trimestre,Control Quimico,29,3
Plagas de los Cítricos,Psílido Asiático de los Cítricos (Diaphorina citri),Baja California,Limón,Cuarto Trimestre,Control Químico (Sales Potásicas),15,12
Plagas de los Cítricos,Psílido Asiático de los Cítricos (Diaphorina citri),Baja California,Naranja,Cuarto Trimestre,Control Químico (Sales Potásicas),0.5,1
Plagas de los Cítricos,Psílido Asiático de los Cítricos (Diaphorina citri),Baja California,Naranja,Cuarto Trimestre,Control Químico (Sales Potásicas),46,40
Plagas de los Cítricos,Psílido Asiático de los Cítricos (Diaphorina citri),Baja California Sur,Naranja,Cuarto Trimestre,Control Químico (Tricarboxilos),19.5,10
Plagas de los Cítricos,Psílido Asiático de los Cítricos (Diaphorina citri),Campache,Limón,Cuarto Trimestre,Control Biológico (Isaria javanica),"1,690.50",472
Plagas de los Cítricos,Psílido Asiático de los Cítricos (Diaphorina citri),Campache,Mandarina,Cuarto Trimestre,Control Biológico (Isaria javanica),29,10
Plagas de los Cítricos,Psílido Asiático de los Cítricos (Diaphorina citri),Campache,Naranja,Cuarto Trimestre,Control Biológico (Isaria javanica),279,95
Plagas de los Cítricos,Pulgón café de los cítricos (Aphis citricidus),Campache,Limón,Cuarto Trimestre,Control Biológico (Chrysoperla externa),70,10
Plagas de los Cítricos,Leprosis de los cítricos (Citrus leprosis virus),Chiapas,Naranja,Cuarto Trimestre,Control Cultural,19.7,6
Plagas de los Cítricos,Mosca prieta de los citricos (Aleurocanthus woglumi),Chiapas,Limón,Cuarto Trimestre,Control Biológico (Amitus hespiridum),23,12
Plagas de los Cítricos,Mosca prieta de los citricos (Aleurocanthus woglumi),Chiapas,Mandarina,Cuarto Trimestre,Control Biológico (Amitus hespiridum),1,1
Plagas de los Cítricos,Mosca prieta de los citricos (Aleurocanthus woglumi),Chiapas,Naranja,Cuarto Trimestre,Control Biológico (Amitus hespiridum),0.5,1
Plagas de los Cítricos,Mosca prieta de los citricos (Aleurocanthus woglumi),Chiapas,Naranja,Cuarto Trimestre,Control Biológico (Amitus hespiridum),0.5,1
Plagas de los Cítricos,Mosca prieta de los citricos (Aleurocanthus woglumi),Chiapas,Naranja,Cuarto Trimestre,Control Biológico (Amitus hespiridum),0.5,1
Plagas de los Cítricos,Mosca prieta de los citricos (Aleurocanthus woglumi),Chiapas,Limón,Cuarto Trimestre,Control Biológico (Encarsia sp.),34,31
Plagas de los Cítricos,Mosca prieta de los citricos (Aleurocanthus woglumi),Chiapas,Mandarina,Cuarto Trimestre,Control Biológico (Encarsia sp.),11,6
Plagas de los Cítricos,Psílido Asiático de los Cítricos (Diaphorina citri),Chiapas,Limón,Cuarto Trimestre,Control Biológico (Isaria javanica),149.5,119
Plagas de los Cítricos,Psílido Asiático de los Cítricos (Diaphorina citri),Chiapas,Mandarina,Cuarto Trimestre,Control Biológico (Isaria javanica),3.5,2
Plagas de los Cítricos,Psílido Asiático de los Cítricos (Diaphorina citri),Chiapas,Naranja,Cuarto Trimestre,Control Biológico (Isaria javanica),28.9,16
Plagas de los Cítricos,Leprosis de los cítricos (Citrus leprosis virus),Jalisco,Limón,Cuarto Trimestre,Control Cultural,21.5,4
Plagas de los Cítricos,Psílido Asiático de los Cítricos (Diaphorina citri),Michoacán,Lima,Cuarto Trimestre,Control Químico (Aceite Mineral),205,12
Plagas de los Cítricos,Psílido Asiático de los Cítricos (Diaphorina citri),Michoacán,Limón,Cuarto Trimestre,Control Químico (Aceite Mineral),"20,769","1,050"
Plagas de los Cítricos,Psílido Asiático de los Cítricos (Diaphorina citri),Michoacán,Naranja,Cuarto Trimestre,Control Químico (Aceite Mineral),23,1
Plagas de los Cítricos,Psílido Asiático de los Cítricos (Diaphorina citri),Michoacán,Toronja,Cuarto Trimestre,Control Químico (Aceite Mineral),588,25
Plagas de los Cítricos,Psílido Asiático de los Cítricos (Diaphorina citri),Morelos,Limón,Cuarto Trimestre,Control Biológico (Isaria javanica),66.6,27
Plagas de los Cítricos,Psílido Asiático de los Cítricos (Diaphorina citri),Morelos,Naranja,Cuarto Trimestre,Control Biológico (Isaria javanica),14.5,5
Plagas de los Cítricos,Psílido Asiático de los Cítricos (Diaphorina citri),Nayarit,Limón,Cuarto Trimestre,Control Cultural,0.75,1
Plagas de los Cítricos,Psílido Asiático de los Cítricos (Diaphorina citri),Nuevo León,Limón,Cuarto Trimestre,Control Químico (Aceite Mineral),224,8
Plagas de los Cítricos,Psílido Asiático de los Cítricos (Diaphorina citri),Nuevo León,Mandarina,Cuarto Trimestre,Control Químico (Aceite Mineral),292,5
Plagas de los Cítricos,Psílido Asiático de los Cítricos (Diaphorina citri),Nuevo León,Naranja,Cuarto Trimestre,Control Químico (Aceite Mineral),"4,580",194
Plagas de los Cítricos,Psílido Asiático de los Cítricos (Diaphorina citri),Nuevo León,Toronja,Cuarto Trimestre,Control Químico (Aceite Mineral),832,33
Plagas de los Cítricos,Leprosis de los cítricos (Citrus leprosis virus),Oaxaca,Naranja,Cuarto Trimestre,Control Cultural,9,9
Plagas de los Cítricos,Pulgón café de los cítricos (Aphis citricidus),Puebla,Limón,Cuarto Trimestre,Control Biológico (Chrysoperla externa),39,4
Plagas de los Cítricos,Psílido Asiático de los Cítricos (Diaphorina citri),Puebla,Limón,Cuarto Trimestre,Control Químico (Extracto de Piretrina),346,29
Plagas de los Cítricos,Psílido Asiático de los Cítricos (Diaphorina citri),Puebla,Mandarina,Cuarto Trimestre,Control Químico (Extracto de Piretrina),375,65
Plagas de los Cítricos,Psílido Asiático de los Cítricos (Diaphorina citri),Puebla,Naranja,Cuarto Trimestre,Control Químico (Extracto de Piretrina),"1,627",368
Plagas de los Cítricos,Psílido Asiático de los Cítricos (Diaphorina citri),Puebla,Tangerina,Cuarto Trimestre,Control Químico (Extracto de Piretrina),7,3
Plagas de los Cítricos,Psílido Asiático de los Cítricos (Diaphorina citri),Puebla,Toronja,Cuarto Trimestre,Control Químico (Extracto de Piretrina),173,12
Plagas de los Cítricos,Leprosis de los cítricos (Citrus leprosis virus),Puebla,Limón,Cuarto Trimestre,Control Cultural,2.25,1
Plagas de los Cítricos,Psílido Asiático de los Cítricos (Diaphorina citri),Quintana Roo,Limón,Cuarto Trimestre,Control Biológico (Isaria javanica),651,191
Plagas de los Cítricos,Psílido Asiático de los Cítricos (Diaphorina citri),Quintana Roo,Naranja,Cuarto Trimestre,Control Biológico (Isaria javanica),25,7
Plagas de los Cítricos,Mosca prieta de los citricos (Aleurocanthus woglumi),Quintana Roo,Limón,Cuarto Trimestre,Control Biológico (Chrysoperla externa),190,22
Plagas de los Cítricos,Pulgón café de los cítricos (Aphis citricidus),Quintana Roo,Naranja,Cuarto Trimestre,Control Biológico (Chrysoperla externa),14,3
Plagas de los Cítricos,Leprosis de los cítricos (Citrus leprosis virus),San Luis Potosí,Naranja,Cuarto Trimestre,Control Cultural,52.5,10
Plagas de los Cítricos,Leprosis de los cítricos (Citrus leprosis virus),Sinaloa,Naranja,Cuarto Trimestre,Control Cultural,78,4
Plagas de los Cítricos,Psílido Asiático de los Cítricos (Diaphorina citri),Tabasco,Limón,Cuarto Trimestre,Control Químico (Aceite Mineral),"8,969",986
Plagas de los Cítricos,Psílido Asiático de los Cítricos (Diaphorina citri),Tabasco,Limón,Cuarto Trimestre,Control Químico (Imidacloprid),9.5,4
Plagas de los Cítricos,Psílido Asiático de los Cítricos (Diaphorina citri),Tabasco,Naranja,Cuarto Trimestre,Control Químico (Aceite Mineral),112,21
Plagas de los Cítricos,Leprosis de los cítricos (Citrus leprosis virus),Tabasco,Naranja,Cuarto Trimestre,Control Cultural,4,1
Plagas de los Cítricos,Mosca prieta de los citricos (Aleurocanthus woglumi),Tamaulipas,Naranja,Cuarto Trimestre,Control Biológico (Chrysoperla externa),172,50
Plagas de los Cítricos,Mosca prieta de los citricos (Aleurocanthus woglumi),Tamaulipas,Toronja,Cuarto Trimestre,Control Biológico (Chrysoperla externa),1,1
Plagas de los Cítricos,Psílido Asiático de los Cítricos (Diaphorina citri),Tamaulipas,Limón,Cuarto Trimestre,Control Químico (Ciantraniliprol),28,5
Plagas de los Cítricos,Psílido Asiático de los Cítricos (Diaphorina citri),Tamaulipas,Naranja,Cuarto Trimestre,Control Químico (Ciantraniliprol),915.5,156
Plagas de los Cítricos,Psílido Asiático de los Cítricos (Diaphorina citri),Tamaulipas,Toronja,Cuarto Trimestre,Control Químico (Ciantraniliprol),35.5,6
Plagas de los Cítricos,Leprosis de los cítricos (Citrus leprosis virus),Veracruz,Naranja,Cuarto Trimestre,Control Cultural,80,19
Plagas de los Cítricos,Pulgón café de los cítricos (Aphis citricidus),Veracruz,Naranja,Cuarto Trimestre,Control Biológico (Chrysoperla externa),99,8
Plagas de los Cítricos,Pulgón café de los cítricos (Aphis citricidus),Veracruz,Mandarina,Cuarto Trimestre,Control Biológico (Chrysoperla externa),201,21
Plagas de los Cítricos,Psílido Asiático de los Cítricos (Diaphorina citri),Yucatán,Limón,Cuarto Trimestre,Control Biológico (Isaria javanica),"2,934","1,073"
Plagas de los Cítricos,Psílido Asiático de los Cítricos (Diaphorina citri),Yucatán,Naranja,Cuarto Trimestre,Control Biológico (Isaria javanica),912,302
Plagas de los Cítricos,Pulgón café de los cítricos (Aphis citricidus),Yucatán,Naranja,Cuarto Trimestre,Control Biológico (Chrysoperla externa),11,1
Manejo Fitosanitario del Maíz,"Chapulín (Brachystola sp., Sphenarium sp., Melanoplus sp.)",Aguascalientes,Maíz,Cuarto Trimestre,Control Biológico,80,16
Manejo Fitosanitario del Maíz,"Chapulín (Brachystola sp., Sphenarium sp., Melanoplus sp.)",Aguascalientes,Maíz,Cuarto Trimestre,Control Químico,127,24
Manejo Fitosanitario del Maíz,Gusano cogollero (Spodoptera frugiperda) y Gusano elotero (Helicoverpa zea),Campeche,Maíz,Cuarto Trimestre,Control Biológico,562,153
Manejo Fitosanitario del Maíz,Gusano cogollero (Spodoptera frugiperda),Campeche,Maíz,Cuarto Trimestre,Control Químico,105,53
Manejo Fitosanitario del Maíz,Gusano cogollero (Spodoptera frugiperda),Chiapas,Maíz,Cuarto Trimestre,Control Biológico,"1,900.50",725
Manejo Fitosanitario del Maíz,Gusano cogollero (Spodoptera frugiperda),Chiapas,Maíz,Cuarto Trimestre,Control Etológico,211.25,58
Manejo Fitosanitario del Maíz,Gusano cogollero (Spodoptera frugiperda) y Mancha de asfalto (Phyllachora maydis),Chiapas,Maíz,Cuarto Trimestre,Control Químico,891,331
Manejo Fitosanitario del Maíz,"Gusano cogollero (Spodoptera frugiperda), Gusano elotero (Helicoverpa zea), Chapulín (Brachystola sp., Sphenarium sp., Melanoplus sp.) y Plagas rizófagas (Phyllophaga spp.)",Ciudad de México,Maíz,Cuarto Trimestre,Control Biológico,198,155
Manejo Fitosanitario del Maíz,Gusano cogollero (Spodoptera frugiperda) y Gusano elotero (Helicoverpa zea),Coahuila,Maíz,Cuarto Trimestre,Control Biológico,197,13
Manejo Fitosanitario del Maíz,Gusano cogollero (Spodoptera frugiperda),Durango,Maíz,Cuarto Trimestre,Control Biológico,200,20
Manejo Fitosanitario del Maíz,Gusano cogollero (Spodoptera frugiperda) y Gusano elotero (Helicoverpa zea),Guerrero,Maíz,Cuarto Trimestre,Control Biológico,641,105
Manejo Fitosanitario del Maíz,Gusano cogollero (Spodoptera frugiperda),Guerrero,Maíz,Cuarto Trimestre,Control Químico,19,12
Manejo Fitosanitario del Maíz,"Gusano cogollero (Spodoptera frugiperda), Gusano elotero (Helicoverpa zea), Chapulín (Brachystola sp., Sphenarium sp., Melanoplus sp.) y Plagas rizófagas (Phyllophaga spp.)",Hidalgo,Maíz,Cuarto Trimestre,Control Biológico,557,334
Manejo Fitosanitario del Maíz,Gusano cogollero (Spodoptera frugiperda) y Plagas rizófagas (Phyllophaga spp.),Jalisco,Maíz,Cuarto Trimestre,Control Biológico,122,26
Manejo Fitosanitario del Maíz,Langosta centroamericana (Schistocerca piceifrons piceifrons),Jalisco,Maíz,Cuarto Trimestre,Control Químico,1162.64,382
Manejo Fitosanitario del Maíz,Gusano cogollero (Spodoptera frugiperda) y Plagas rizófagas (Phyllophaga spp.),México,Maíz,Cuarto Trimestre,Control Biológico,280,128
Manejo Fitosanitario del Maíz,"Chapulín (Brachystola sp., Sphenarium sp., Melanoplus sp.)",Michoacán,Maíz,Cuarto Trimestre,Control Biológico,320,31
Manejo Fitosanitario del Maíz,Gusano cogollero (Spodoptera frugiperda),Nayarit,Maíz,Cuarto Trimestre,Control Biológico,1800,185
Manejo Fitosanitario del Maíz,Gusano cogollero (Spodoptera frugiperda),Nayarit,Maíz,Cuarto Trimestre,Control Químico,11,3
Manejo Fitosanitario del Maíz,Gusano cogollero (Spodoptera frugiperda),Nuevo León,Maíz,Cuarto Trimestre,Control Biológico,649,95
Manejo Fitosanitario del Maíz,Gusano elotero (Helicoverpa zea),Oaxaca,Maíz,Cuarto Trimestre,Control Biológico,92,30
Manejo Fitosanitario del Maíz,Gusano cogollero (Spodoptera frugiperda),Oaxaca,Maíz,Cuarto Trimestre,Control Químico,187.5,61
Manejo Fitosanitario del Maíz,"Gusano cogollero (Spodoptera frugiperda) y Chapulín (Brachystola sp., Sphenarium sp., Melanoplus sp.)",Puebla,Maíz,Cuarto Trimestre,Control Biológico,"1,249",645
Manejo Fitosanitario del Maíz,"Gusano cogollero (Spodoptera frugiperda), Gusano elotero (Helicoverpa zea), Chapulín (Brachystola sp., Sphenarium sp., Melanoplus sp.), Plagas rizófagas (Phyllophaga spp.), Secadera de raíz (Fusarium sp.) y Rata de campo (Sigmodon mascotensis, Mus musculus y Sigmodon arizonae)",Querétaro,Maíz,Cuarto Trimestre,Control Biológico,"3,579",613
Manejo Fitosanitario del Maíz,Gusano cogollero (Spodoptera frugiperda) y Gusano elotero (Helicoverpa zea),Quintana Roo,Maíz,Cuarto Trimestre,Control Biológico,124,16
Manejo Fitosanitario del Maíz,Gusano cogollero (Spodoptera frugiperda),0,Maíz,Cuarto Trimestre,Control Etológico,22,7
Manejo Fitosanitario del Maíz,Gusano cogollero (Spodoptera frugiperda),San Luis Potosí,Maíz,Cuarto Trimestre,Control Biológico,750,86
Manejo Fitosanitario del Maíz,Gusano cogollero (Spodoptera frugiperda),Sinaloa,Maíz,Cuarto Trimestre,Control Biológico,"11,610",561
Manejo Fitosanitario del Maíz,Gusano cogollero (Spodoptera frugiperda),Sinaloa,Maíz,Cuarto Trimestre,Control Etológico,125,12
Manejo Fitosanitario del Maíz,Gusano cogollero (Spodoptera frugiperda),Sinaloa,Maíz,Cuarto Trimestre,Control Químico,"5,146",573
Manejo Fitosanitario del Maíz,Gusano cogollero (Spodoptera frugiperda) y Gusano elotero (Helicoverpa zea),Sonora,Maíz,Cuarto Trimestre,Control Biológico,670,49
Manejo Fitosanitario del Maíz,Gusano cogollero (Spodoptera frugiperda) y Gusano elotero (Helicoverpa zea),Tabasco,Maíz,Cuarto Trimestre,Control Biológico,856,83
Manejo Fitosanitario del Maíz,"Gusano cogollero (Spodoptera frugiperda), Gusano elotero (Helicoverpa zea) y Plagas rizófagas (Phyllophaga spp.)",Veracruz,Maíz,Cuarto Trimestre,Control Biológico,"1,677.00",480
Manejo Fitosanitario del Maíz,Gusano cogollero (Spodoptera frugiperda),Veracruz,Maíz,Cuarto Trimestre,Control Químico,5.5,4
Manejo Fitosanitario del Maíz,Gusano cogollero (Spodoptera frugiperda) y Gusano elotero (Helicoverpa zea),Yucatán,Maíz,Cuarto Trimestre,Control Biológico,752.7,373
Manejo Fitosanitario del Frijol,"Mosquita blanca (Bemisia tabaci, Bemisia argentifolii)",Chiapas,Frijol,Cuarto Trimestre,Control Biológico,"1,014.00",340
Manejo Fitosanitario del Frijol,Roya del frijol (Uromyces phaseoli),Chiapas,Frijol,Cuarto Trimestre,Control Químico,87,20
Manejo Fitosanitario del Frijol,"Mosquita blanca (Bemisia tabaci, Bemisia argentifolii)",Guerrero,Frijol,Cuarto Trimestre,Control Biológico,140,53
Manejo Fitosanitario del Frijol,"Mosquita blanca (Bemisia tabaci, Bemisia argentifolii)",Hidalgo,Frijol,Cuarto Trimestre,Control Biológico,50,23
Manejo Fitosanitario del Frijol,"Mosquita blanca (Bemisia tabaci, Bemisia argentifolii)",Nayarit,Frijol,Cuarto Trimestre,Control Biológico,1650,210
Manejo Fitosanitario del Frijol,"Mosquita blanca (Bemisia tabaci, Bemisia argentifolii)",Nayarit,Frijol,Cuarto Trimestre,Control Químico,691,93
Manejo Fitosanitario del Frijol,"Mosquita blanca (Bemisia tabaci, Bemisia argentifolii)",Nuevo León,Frijol,Cuarto Trimestre,Control Biológico,50,4
Manejo Fitosanitario del Frijol,"Mosquita blanca (Bemisia tabaci, Bemisia argentifolii)",Oaxaca,Frijol,Cuarto Trimestre,Control Biológico,8,6
Manejo Fitosanitario del Frijol,"Mosquita blanca (Bemisia tabaci, Bemisia argentifolii)",Puebla,Frijol,Cuarto Trimestre,Control Biológico,147,77
Manejo Fitosanitario del Frijol,"Mosquita blanca (Bemisia tabaci, Bemisia argentifolii)",San Luis Potosí,Frijol,Cuarto Trimestre,Control Biológico,500,49
Manejo Fitosanitario del Frijol,"Mosquita blanca (Bemisia tabaci, Bemisia argentifolii)",Sinaloa,Frijol,Cuarto Trimestre,Control Biológico,3018,171
Manejo Fitosanitario del Frijol,"Mosquita blanca (Bemisia tabaci, Bemisia argentifolii)",Sinaloa,Frijol,Cuarto Trimestre,Control Químico,2623,310
Manejo Fitosanitario del Frijol,"Mosquita blanca (Bemisia tabaci, Bemisia argentifolii) y Gusano del fruto (Helicoverpa zea)",Sonora,Frijol,Cuarto Trimestre,Control Biológico,463,39
Manejo Fitosanitario del Frijol,"Rata de campo (Sigmodon mascotensis, Mus musculus y Sigmodon arizonae)",Sonora,Frijol,Cuarto Trimestre,Control Químico,"4,500.00",15
Manejo Fitosanitario del Frijol,"Mosquita blanca (Bemisia tabaci, Bemisia argentifolii)",Veracruz,Frijol,Cuarto Trimestre,Control Biológico,64,47
Manejo Fitosanitario del Frijol,"Mosquita blanca (Bemisia tabaci, Bemisia argentifolii)",Zacatecas,Frijol,Cuarto Trimestre,Control Biológico,"1,145.00",92
Manejo Fitosanitario del Trigo,"Rata de campo (Sigmodon mascotensis, Mus musculus y Sigmodon arizonae) y Secadera de raíz (Fusarium sp.)",Guanajuato,Trigo,Cuarto Trimestre,Control Biológico,648,157
Manejo Fitosanitario del Trigo,Roya lineal (Puccinia striiformis),Oaxaca,Trigo,Cuarto Trimestre,Control Químico,1,1
Manejo Fitosanitario del Trigo,Pulgón verde de los cereales (Schizaphis graminum),Sonora,Trigo,Cuarto Trimestre,Control Biológico,588,18
Manejo Fitosanitario del Arroz,Quema del arroz (Pyricularia oryzae),Campeche,Arroz,Cuarto Trimestre,Control Químico,90,4
Manejo Fitosanitario del Sorgo,Pulgón amarillo del sorgo (Melanaphis sacchari),Sinaloa,Sorgo,Cuarto Trimestre,Control Biológico,"3,580.00",172
Manejo Fitosanitario del Cacao,Moniliasis del cacao (Monilophthora roreri),Tabasco,Cacao,Cuarto Trimestre,Control cultural,20,5
Manejo Fitosanitario del Garbanzo,Gusano soldado (Spodoptera exigua),Sinaloa,Garbanzo,Cuarto Trimestre,Control Biológico,600,37
